Year,"tmp,StudyArea","prc,StudyArea"
22,7.308033243815146,459.3807283279997
21.9899997711182,7.6063400268554915,467.85574422447684
21.9799995422363,7.407617187500023,473.0018101678501
21.9699993133545,7.642063395182333,457.5669566989996
21.9599990844727,7.583577728271507,439.30590931791824
21.9500007629395,7.467008209228538,468.0820860780699
21.9400005340576,7.420064544677757,447.49603967627246
21.9300003051758,7.604643758138025,464.78110345915536
21.9200000762939,7.4746325174967865,457.9388280203286
21.9099998474121,7.724821980794275,452.05697458453966
21.8999996185303,7.557288106282556,453.5520759442931
21.8899993896484,7.680080668131552,456.4900128423144
21.8799991607666,7.292321777343773,469.0694225878422
21.8700008392334,7.743870035807333,466.5093678738833
21.8600006103516,7.650275166829431,471.44746800472274
21.8500003814697,7.31751403808596,467.5476197379958
21.8400001525879,7.28323644002279,466.7531867215876
21.8299999237061,7.678779856363974,454.761350407451
21.8199996948242,7.854286448160849,451.65936822670153
21.8099994659424,7.723037974039755,456.55564151869663
21.7999992370605,7.408489481608115,469.4988825204582
21.7900009155273,7.359765625000023,452.3569411172638
21.7800006866455,7.784033711751306,473.43373263120105
21.7700004577637,7.525403594970726,453.3401879993256
21.7600002288818,8.233561452229821,435.9977366578486
21.75,7.42906214396163,454.6846950559402
21.7399997711182,7.7082687377929915,455.2702562095797
21.7299995422363,7.612807210286462,449.22461457005033
21.7199993133545,8.024624125162802,438.0975798607781
21.7099990844727,7.634290313720726,451.4462573327697
21.7000007629395,7.691205596923851,472.8830224591067
21.6900005340576,7.681106821696005,456.8490815716938
21.6800003051758,7.519583638509118,467.67575537565165
21.6700000762939,7.466059621175134,468.2545682788142
21.6599998474121,7.651287333170615,456.44557611190794
21.6499996185303,7.785824076334677,453.63206923739375
21.6399993896484,7.366877492268884,460.32457880355406
21.6299991607666,7.568889872233115,472.1203837813419
21.6200008392334,7.745881652832054,459.6350751584488
21.6100006103516,7.405042266845726,466.994898455364
21.6000003814697,7.640768941243493,456.31657031586224
21.5900001525879,7.680966949462913,478.7450058193106
21.5799999237061,7.739434814453148,464.7870261971961
21.5699996948242,7.608522033691429,447.4533493905216
21.5599994659424,7.507039642334007,464.041050673251
21.5499992370605,7.639093017578148,465.8976710373667
21.5400009155273,7.664313252766931,458.1948031149678
21.5300006866455,7.588477071126306,472.3340056234093
21.5200004577637,7.828060404459677,478.81800020262614
21.5100002288818,7.6014330546061615,459.62364345989806
21.5,7.560749308268271,477.64247632956875
21.4899997711182,7.720759328206384,464.6676685959861
21.4799995422363,7.670106506347679,460.23607418251476
21.4699993133545,7.497701263427757,485.5559599331594
21.4599990844727,7.56678161621096,472.8464524624461
21.4500007629395,7.498682912190759,476.0182136424411
21.4400005340576,7.467401123046898,455.0124033586567
21.4300003051758,7.667913055419945,453.14517680842636
21.4200000762939,7.487456258138025,477.19991499809805
21.4099998474121,7.783832804362021,457.5066356386307
21.3999996185303,7.61990636189779,471.49274308692463
21.3899993896484,7.525575256347679,477.02141230510085
21.3799991607666,7.146002705891931,495.5561819850833
21.3700008392334,7.8684923807780365,460.9243604229244
21.3600006103516,7.6456403096516965,473.06386308269373
21.3500003814697,7.649645741780603,454.1975484660214
21.3400001525879,7.77439905802413,464.00437095842994
21.3299999237061,7.552883402506552,481.09780321992093
21.3199996948242,7.4403307596842865,464.74457227237605
21.3099994659424,7.592103576660179,475.6156241542131
21.2999992370605,7.961303965250693,473.73949234115935
21.2900009155273,7.72007776896163,458.8756658713278
21.2800006866455,7.187707519531273,464.15690692284494
21.2700004577637,7.707493082682333,463.3751448949545
21.2600002288818,7.316421763102255,467.2485434981111
21.25,7.5800338745117415,463.201925890074
21.2399997711182,7.58222605387374,455.48579666043753
21.2299995422363,7.266829427083337,452.2142293052663
21.2199993133545,7.802045440673851,447.6872927283715
21.2099990844727,7.473493194580101,443.91226389708015
21.2000007629395,7.416582997639978,453.33412344472634
21.1900005340576,7.457419331868493,458.01398466845575
21.1800003051758,7.395434315999353,472.4922262141125
21.1700000762939,7.531934356689476,463.02165749338246
21.1599998474121,7.62720642089846,444.6820149962375
21.1499996185303,7.724097188313806,455.71744583824034
21.1399993896484,7.766871388753259,463.63674479614014
21.1299991607666,7.409651692708337,446.25670798141095
21.1200008392334,7.209134674072288,468.1341047418908
21.1100006103516,7.325924173990927,460.63987961642016
21.1000003814697,7.29316355387374,467.9151326804817
21.0900001525879,7.508875783284509,465.5366259220806
21.0799999237061,7.633490498860681,445.57174056945405
21.0699996948242,7.45535812377932,453.4649498035467
21.0599994659424,7.543337758382165,426.7046697437049
21.0499992370605,7.2558392842610715,456.6233329548567
21.0400009155273,7.482404327392601,441.0448887615104
21.0300006866455,7.679739888509118,461.82568256373605
21.0200004577637,7.495356496175134,454.68169794097656
21.0100002288818,7.50323384602865,457.6507355604405
21,7.428872680664085,466.6056896220535
20.9899997711182,7.600445048014365,459.00681890429877
20.9799995422363,7.693313852946005,448.77949003559644
20.9699993133545,7.571045176188193,453.7649668182967
20.9599990844727,7.2735521952311615,464.4483813866692
20.9500007629395,7.383547719319665,456.55816591179865
20.9400005340576,7.588599141438806,463.7701835268534
20.9300003051758,7.855237579345726,442.6415459509355
20.9200000762939,7.5889513651530365,471.9990722631036
20.9099998474121,7.255124664306663,470.76081907441545
20.8999996185303,7.775959269205771,444.4623990701446
20.8899993896484,7.503204600016318,444.12557219615974
20.8799991607666,7.171077982584677,445.3945902403259
20.8700008392334,7.0543202718099,465.3943459794382
20.8600006103516,7.4925336201985715,460.93936175513795
20.8500003814697,7.373611704508505,444.0632406088607
20.8400001525879,7.529762522379599,470.1192797736582
20.8299999237061,7.5799664815266965,447.354670306821
20.8199996948242,7.359983062744163,462.93742662813685
20.8099994659424,7.747464752197288,450.4110011246028
20.7999992370605,7.101149495442712,456.7390211255665
20.7900009155273,7.658547973632835,446.50282157276956
20.7800006866455,7.738331095377646,475.5201614758953
20.7700004577637,7.797439829508505,449.84490473132246
20.7600002288818,7.414060211181663,468.266832493088
20.75,7.418756103515648,482.088361533443
20.7399997711182,7.602260843912802,450.5523764760285
20.7299995422363,7.293275451660179,480.86216391944146
20.7199993133545,7.490781402587913,484.78546152493544
20.7099990844727,7.59463780721029,466.05216529586414
20.7000007629395,7.299920654296898,486.38949434261684
20.6900005340576,7.1121930440266965,453.4755221404415
20.6800003051758,7.483894602457724,452.7259173089937
20.6700000762939,7.507332102457724,458.0920803626265
20.6599998474121,7.340248362223349,451.197049164039
20.6499996185303,7.4557421366374115,454.8665091363979
20.6399993896484,7.439819590250693,460.2949228018257
20.6299991607666,7.5517377217610715,448.25093096797127
20.6200008392334,7.179446156819665,469.27603647421245
20.6100006103516,7.343654886881552,472.9879395746576
20.6000003814697,7.494053141276083,453.8620770198435
20.5900001525879,7.415522511800134,462.8091859411783
20.5799999237061,7.63131993611654,459.91247476654763
20.5699996948242,7.613587951660179,476.7713150107451
20.5599994659424,7.105259195963583,470.18331286785565
20.5499992370605,7.2492602030436615,480.64101821287954
20.5400009155273,7.526612854003929,462.5432753710412
20.5300006866455,7.531838989257835,462.5191567806756
20.5200004577637,7.236861165364587,481.6890627146187
20.5100002288818,7.461279805501306,472.5660160540916
20.5,7.660733795166038,440.92875938372964
20.4899997711182,7.261516825358115,465.958973433304
20.4799995422363,7.705407714843773,454.8507483852678
20.4699993133545,7.615382130940759,451.66390197951915
20.4599990844727,7.445637003580771,452.49881486926955
20.4500007629395,7.38128560384115,458.25653854747463
20.4400005340576,7.343762969970726,455.4541234202958
20.4300003051758,7.6498886108398665,458.69125590588163
20.4200000762939,7.4681017557780365,440.61042001978615
20.4099998474121,6.930890655517601,500.44463027124993
20.3999996185303,7.466973876953148,473.38336294962716
20.3899993896484,7.4242111206054915,467.9947256190179
20.3799991607666,7.800213114420615,472.05031560471065
20.3700008392334,7.71658604939779,462.2705508946131
20.3600006103516,8.016482289632165,437.6159946101188
20.3500003814697,7.482593790690146,474.43864534831476
20.3400001525879,7.712284342447958,460.95448535306747
20.3299999237061,7.453495279947958,456.43101394414
20.3199996948242,7.67688903808596,475.9829147423418
20.3099994659424,7.6652389526367415,452.177127058806
20.2999992370605,7.3820790608724,480.36714592691874
20.2900009155273,7.510723368326865,456.03568511354274
20.2800006866455,7.564630126953148,463.40188402771435
20.2700004577637,7.715430196126306,451.3649398348492
20.2600002288818,7.7855456034342865,450.8640691371543
20.25,7.499153391520224,475.3081582684986
20.2399997711182,7.336081441243493,491.1590151461069
20.2299995422363,7.5052480061849,458.6969822600873
20.2199993133545,7.452553049723349,458.6274562545789
20.2099990844727,7.5173571268717865,467.5781088390544
20.2000007629395,7.469997660319052,462.2487773840259
20.1900005340576,7.864996846516931,464.3468138848528
20.1800003051758,7.697040812174521,465.1133090392371
20.1700000762939,7.354253387451195,481.2182711338986
20.1599998474121,7.471157328287802,467.89638925866706
20.1499996185303,7.789046223958337,443.7589349563324
20.1399993896484,7.479212697347009,454.1299267709261
20.1299991607666,7.287332153320335,447.96123854884405
20.1200008392334,7.4709093729655365,470.3560787017169
20.1100006103516,7.544112141927087,472.6365388607601
20.1000003814697,7.440468088785849,475.5739038236895
20.0900001525879,7.312820688883505,464.3672760299792
20.0799999237061,7.40953089396163,472.2814856409722
20.0699996948242,7.78992869059249,459.0072862277935
20.0599994659424,7.6835927327474,449.95524764335215
20.0499992370605,7.301660156250023,462.49378941672546
20.0400009155273,7.534207916259788,456.2503440256697
20.0300006866455,7.71945470174154,483.0022119708029
20.0200004577637,7.620704905192099,472.6778944367609
20.0100002288818,7.828645324707054,461.4308334582873
20,7.9534100850423215,453.8749207561033
19.9899997711182,7.915802256266318,463.9681053129433
19.9799995422363,7.812942759196005,465.4619840155361
19.9699993133545,7.785708363850915,465.51231459542504
19.9599990844727,7.890704091389978,466.2512480226496
19.9500007629395,7.344299570719443,475.5654453122056
19.9400005340576,7.990972137451195,436.326068836701
19.9300003051758,7.919763183593773,464.1140862008767
19.9200000762939,7.963727569580101,461.9437935798887
19.9099998474121,7.445625559488974,469.15007360629846
19.8999996185303,7.553790028889978,458.56526590023117
19.8899993896484,7.6269635518391965,441.6702752729762
19.8800010681152,7.574924723307333,454.6640114318675
19.8700008392334,7.927673594156943,476.1199789871107
19.8600006103516,7.52232386271163,455.72152992168213
19.8500003814697,7.671604410807333,447.7594525533387
19.8400001525879,7.801712290446005,445.78591406626197
19.8299999237061,7.567066446940146,447.33692762551533
19.8199996948242,7.70079065958663,436.95481780126056
19.8099994659424,7.822676595052087,463.37655343102006
19.7999992370605,7.449250793457054,475.5544606567981
19.7900009155273,7.9959884643554915,465.2879386228085
19.7800006866455,7.746795908610068,457.5707565657172
19.7700004577637,7.724415079752646,464.06970447545234
19.7600002288818,7.508416748046898,465.01812970223267
19.75,7.957791900634788,481.61219551368094
19.7399997711182,7.744367218017601,453.98592051807776
19.7299995422363,7.134834543863974,479.3459386039552
19.7199993133545,7.472406005859398,436.5168236341218
19.7099990844727,7.584456380208337,455.34771606366616
19.7000007629395,7.780768330891931,448.4152744739974
19.6900005340576,7.433492279052757,454.2159870989567
19.6800003051758,7.4180160522461165,469.11096579356956
19.6700000762939,8.017619069417321,454.99541542740974
19.6599998474121,8.098733520507835,466.047661015212
19.6499996185303,7.7516583760579465,457.86402970704466
19.6399993896484,7.754768625895224,470.67955614377155
19.6300010681152,7.89874165852865,460.4709317411008
19.6200008392334,7.274280802408896,465.0012701645778
19.6100006103516,7.600221252441429,457.1430354908627
19.6000003814697,7.946984863281273,441.2854922251445
19.5900001525879,7.607914225260458,448.4668169143132
19.5799999237061,7.513154602050804,455.8270452346506
19.5699996948242,8.080743408203148,439.27953727411017
19.5599994659424,7.530054982503259,470.9797429882275
19.5499992370605,7.485576883951865,459.20458924431085
19.5400009155273,7.202644602457724,458.1638652199441
19.5300006866455,7.335018412272177,469.2753025881125
19.5200004577637,7.872085825602255,445.90880044862814
19.5100002288818,7.525788879394554,481.19357841991393
19.5,7.670214589436853,464.2128087633165
19.4899997711182,7.70535812377932,459.79592548336024
19.4799995422363,7.598498280843103,462.9214518390527
19.4699993133545,7.701970672607445,472.6109908703702
19.4599990844727,7.654482777913415,457.0286814462957
19.4500007629395,7.764853413899743,464.66232654714577
19.4400005340576,7.741006469726585,448.9176961079237
19.4300003051758,7.357321675618493,446.27125380817625
19.4200000762939,7.465985870361351,477.76220189514146
19.4099998474121,7.757564798990927,439.3759985044099
19.3999996185303,7.7372909545898665,468.5233048210927
19.3899993896484,7.285217539469443,458.152219045734
19.3800010681152,7.9696034749349,453.64615284722765
19.3700008392334,7.576030985514365,482.3719570077693
19.3600006103516,7.680407460530603,462.86825312139933
19.3500003814697,7.963110860188806,467.2406458331816
19.3400001525879,7.702362314860068,487.1919636306732
19.3299999237061,7.735976155598962,456.7025906110356
19.3199996948242,7.355243937174521,465.96729362987276
19.3099994659424,7.645843760172568,462.97186383215114
19.2999992370605,7.777378336588583,452.5645010309646
19.2900009155273,7.716051991780603,467.057888351626
19.2800006866455,7.317522939046228,473.0964420812667
19.2700004577637,7.626210784912132,459.44536924913405
19.2600002288818,7.774966176350915,463.32493103651285
19.25,7.572448984781943,463.59067950973997
19.2399997711182,7.219607289632165,463.09252404471334
19.2299995422363,7.3149823506673215,491.46349237916274
19.2199993133545,7.516508992513025,461.16167059092237
19.2099990844727,7.56073913574221,466.3760264596769
19.2000007629395,7.792584991455101,451.65403434836253
19.1900005340576,7.659123992919945,459.82883567903997
19.1800003051758,7.755639648437523,466.13431560131124
19.1700000762939,7.67753626505538,455.55545543659224
19.1599998474121,7.44608078002932,480.5454326852383
19.1499996185303,7.757349904378259,463.97464288120784
19.1399993896484,7.73832728068038,447.7098815382682
19.1300010681152,7.483393605550134,450.22488848504383
19.1200008392334,7.643959299723349,444.03163098190777
19.1100006103516,7.805417633056663,454.48536604690094
19.1000003814697,7.844227091471396,450.5402005323492
19.0900001525879,7.592412567138695,469.333615601882
19.0799999237061,7.661982472737634,458.29501460536994
19.0699996948242,7.693950907389365,456.0073611953319
19.0599994659424,7.6535570780436615,474.4389489699796
19.0499992370605,7.719166056315146,465.5275668787503
19.0400009155273,8.021646118164085,464.8127384730231
19.0300006866455,7.7025072733561615,447.2850481520204
19.0200004577637,7.574910736084007,469.53510906426
19.0100002288818,7.874757385253929,465.62132600754444
19,7.667685445149743,459.05444577776234
18.9899997711182,7.358233388264978,458.5394147258818
18.9799995422363,7.533556874593103,446.96584154772324
18.9699993133545,7.58073450724288,447.301939204466
18.9599990844727,7.292890167236351,441.01682513212705
18.9500007629395,7.165348307291708,452.82310148275775
18.9400005340576,7.267118072509788,465.85628277936075
18.9300003051758,7.351711527506552,451.84964548750094
18.9200000762939,7.43461634318038,452.1018210072262
18.9099998474121,7.254874165852868,451.86689049773554
18.8999996185303,7.1535634358724,432.40415204592875
18.8899993896484,7.269400533040368,435.66970007606153
18.8800010681152,7.622088368733728,445.9537790583538
18.8700008392334,7.419746653238974,428.67114745862943
18.8600006103516,6.9166186014811615,457.14921180624776
18.8500003814697,7.2200485229492415,457.0302557268165
18.8400001525879,7.229994710286462,453.9519852162869
18.8299999237061,6.977869923909509,444.7806520602171
18.8199996948242,6.701346333821618,436.72647125680976
18.8099994659424,7.048369344075525,465.93938699083606
18.7999992370605,6.823855336507165,465.9698054754191
18.7900009155273,7.100563303629599,452.6410691331936
18.7800006866455,7.536903635660849,454.4655323008665
18.7700004577637,7.347720082600915,449.1705334382553
18.7600002288818,6.900234476725302,447.4772799134552
18.75,6.9311017354329465,449.6141904923127
18.7399997711182,6.776336924235068,444.54815285847417
18.7299995422363,7.35151316324874,434.3715034208865
18.7199993133545,7.03248240152999,454.64186674707787
18.7099990844727,7.065122222900413,439.3806036032122
18.7000007629395,7.190593973795615,434.916211484356
18.6900005340576,6.98798777262374,452.03536477578245
18.6800003051758,7.209860738118493,438.02588677569844
18.6700000762939,6.987526194254599,478.61819030122393
18.6599998474121,7.271967824300134,433.6965409336887
18.6499996185303,6.877492523193382,424.6508502451599
18.6399993896484,6.957076009114587,442.1561411368143
18.6300010681152,7.376509602864587,429.2148558029026
18.6200008392334,7.120179748535179,431.3960715087347
18.6100006103516,6.4615036010742415,449.49399774914707
18.6000003814697,6.9513107299804915,416.2366421374871
18.5900001525879,7.28253072102865,443.2750495636517
18.5799999237061,7.21329015096029,426.39661879173565
18.5699996948242,7.4765118916829465,430.12100291654286
18.5599994659424,7.337887064615927,444.2588631283403
18.5499992370605,7.088793690999353,433.32044371235946
18.5400009155273,7.413418070475302,420.3126564797377
18.5300006866455,6.840553538004599,454.00532662590956
18.5200004577637,7.207854207356775,425.0591926417228
18.5100002288818,6.878369903564476,437.0734966672544
18.5,7.404791768391931,439.81354139725295
18.4899997711182,7.4221600850423215,452.16862886203006
18.4799995422363,7.376086171468103,419.4412834573891
18.4699993133545,7.3172775268554915,427.9675537840107
18.4599990844727,7.1135726928711165,428.2236593148673
18.4500007629395,6.868054962158226,426.7335539248629
18.4400005340576,7.3234357198079465,434.3210832572867
18.4300003051758,7.1544052124023665,455.80248937656296
18.4200000762939,7.338283793131552,434.7418097994105
18.4099998474121,7.16928634643557,453.8771550964086
18.3999996185303,7.321318562825525,444.4817296008393
18.3899993896484,7.266055043538415,448.70571828744175
18.3800010681152,7.701729075113974,447.69896224687113
18.3700008392334,7.320776875813806,443.5917416961699
18.3600006103516,7.272559102376306,446.97547865402146
18.3500003814697,7.243592834472679,414.1283928018232
18.3400001525879,7.471587117513025,450.05267240919943
18.3299999237061,7.221616363525413,432.560849713548
18.3199996948242,7.692901865641318,444.2200984766664
18.3099994659424,7.36768493652346,427.5853113243818
18.2999992370605,7.1915451049804915,439.01046690849233
18.2900009155273,7.48443501790365,429.72085845083274
18.2800006866455,7.189636484781943,449.54471555243754
18.2700004577637,7.573528544108115,453.29583589196847
18.2600002288818,7.18963521321615,446.32041542277034
18.25,7.372864023844443,446.90489807023647
18.2399997711182,7.754371897379599,414.1191575091074
18.2299995422363,6.789005533854208,432.0080633587094
18.2199993133545,6.9803939819336165,438.6758625567663
18.2099990844727,7.3910753885905365,442.3754591314129
18.2000007629395,7.482303873697958,445.0921976523192
18.1900005340576,7.5497362772624115,443.65735257253147
18.1800003051758,7.109929656982445,464.488577918698
18.1700000762939,7.379987335205101,444.4197656860993
18.1599998474121,6.836188252766931,455.7687513340181
18.1499996185303,7.012663777669275,453.63652741307413
18.1399993896484,7.432942962646507,425.70098347719886
18.1300010681152,7.21320749918624,431.07970006839304
18.1200008392334,7.061934407552087,443.9385421260248
18.1100006103516,7.09381001790365,447.3817191891216
18.1000003814697,7.154522196451865,446.17571817895384
18.0900001525879,7.458069101969443,441.48173628633106
18.0799999237061,6.909696197509788,463.11818248277274
18.0699996948242,7.1549481709798215,444.3319975773926
18.0599994659424,7.35279235839846,422.1441812949737
18.0499992370605,7.262804921468103,432.4804090855006
18.0400009155273,7.360958353678427,434.10939607320864
18.0300006866455,6.648479715983115,456.1187907840362
18.0200004577637,6.97852478027346,437.21824906195474
18.0100002288818,7.235749816894554,438.09579125049976
18,7.20321935017904,418.73764542862034
17.9899997711182,6.976070658365927,422.9736724734959
17.9799995422363,6.807144419352255,434.33024793352683
17.9700012207031,7.006009674072288,433.5823896926364
17.9599990844727,6.235523478190146,428.0064500391164
17.9500007629395,6.733148193359398,430.32262243808407
17.9400005340576,6.849308268229208,438.56791520654104
17.9300003051758,6.671587880452478,424.42596624244396
17.9200000762939,6.759365336100302,450.24220104781614
17.9099998474121,6.4788070678711165,423.72264773863725
17.8999996185303,6.504481252034509,458.6209983487022
17.8899993896484,6.860425567626976,442.8621518208035
17.8800010681152,6.523006693522177,421.03473926931775
17.8699989318848,5.898611958821618,411.8170326822268
17.8600006103516,6.091816202799521,415.1459759238474
17.8500003814697,5.9355878194173215,449.65688019445633
17.8400001525879,6.490790303548181,439.131725318472
17.8299999237061,6.340968068440759,439.8286836706141
17.8199996948242,5.983937835693382,441.70588479802706
17.8099994659424,6.472061411539755,419.0807204016803
17.7999992370605,6.450823720296228,441.51015912596847
17.7900009155273,5.961260732014978,431.286246110422
17.7800006866455,6.24407857259115,429.9073863269406
17.7700004577637,5.664420064290368,426.51891923243625
17.7600002288818,6.252866363525413,418.87342223582516
17.75,6.508191680908226,428.56077069738006
17.7399997711182,6.20169601440432,431.35867716685243
17.7299995422363,5.975237782796228,446.7980069032077
17.7200012207031,6.151349639892601,443.135040436767
17.7099990844727,5.946785227457724,417.3935045855467
17.7000007629395,6.021560923258505,424.6302001785033
17.6900005340576,6.368282572428427,424.96908660242616
17.6800003051758,6.331516520182333,411.04695709744584
17.6700000762939,5.69501647949221,417.6308958749505
17.6599998474121,5.834563191731775,430.5730586623424
17.6499996185303,6.066313680013025,416.0427015740634
17.6399993896484,6.073882039388025,437.70696059467855
17.6300010681152,6.43396911621096,421.01789461364746
17.6199989318848,6.4533922831217865,428.21278992188905
17.6100006103516,6.0892870585124115,436.7416818122175
17.6000003814697,6.02149607340499,414.5119307236156
17.5900001525879,5.6277570088704465,430.5960799252014
17.5799999237061,5.898206329345726,423.9862044748873
17.5699996948242,5.71275355021163,433.2488730388976
17.5599994659424,5.216086324055993,442.3965493838278
17.5499992370605,6.0904162089030365,439.98052222438133
17.5400009155273,6.047507222493493,427.58559816733856
17.5300006866455,5.871851857503259,433.2113006968082
17.5200004577637,6.075086212158226,445.01139022712357
17.5100002288818,6.2211535135905365,424.6427150520852
17.5,5.556733703613304,438.5021053201118
17.4899997711182,6.090492502848349,413.6748182181904
17.4799995422363,5.95820261637374,405.0264270559952
17.4700012207031,5.883210754394554,404.77281236082445
17.4599990844727,5.730832672119163,427.5969216067469
17.4500007629395,5.27653528849288,423.5561307333602
17.4400005340576,5.8520001729329465,431.7648605084434
17.4300003051758,5.774382527669275,415.67676787275985
17.4200000762939,5.855231221516931,415.27149977321767
17.4099998474121,5.844386037190759,424.44772720547553
17.3999996185303,5.80951843261721,406.2286805781948
17.3899993896484,5.813152567545615,412.666566684076
17.3800010681152,5.391267395019554,414.3684409631717
17.3699989318848,5.868379211425804,389.43095495430623
17.3600006103516,5.6328839619954465,410.23203975883627
17.3500003814697,5.7508776346842865,391.73117342814845
17.3400001525879,5.2384201049804915,403.89118010686343
17.3299999237061,5.236393229166708,399.266052196016
17.3199996948242,4.924788411458337,403.43517596630466
17.3099994659424,5.21519495646163,420.3932844457081
17.2999992370605,5.516365305582724,428.278935674283
17.2900009155273,4.953658040364587,421.3771959105106
17.2800006866455,5.032720184326195,417.500480959232
17.2700004577637,5.055005645751976,416.84792898992
17.2600002288818,5.241971588134788,412.37808641717925
17.25,5.08930358886721,412.7976299874344
17.2399997711182,4.756466166178427,394.93000231177746
17.2299995422363,4.780531819661462,398.3098213683478
17.2200012207031,4.904294586181663,393.3489386700092
17.2099990844727,4.918408966064476,383.899544970645
17.2000007629395,4.711331939697288,372.2378708817531
17.1900005340576,5.014290110270224,371.26823911881604
17.1800003051758,4.971667226155603,380.7522208846651
17.1700000762939,5.12342224121096,391.4467385807141
17.1599998474121,5.595232899983728,374.191763982031
17.1499996185303,5.22098058064779,397.55118302638635
17.1399993896484,4.817920939127646,388.2330970159109
17.1300010681152,4.529641723632835,377.13923950262927
17.1199989318848,4.42545089721682,374.59628681513203
17.1100006103516,4.869288380940759,388.553071209626
17.1000003814697,4.821106211344443,386.88926679778893
17.0900001525879,5.023784891764365,375.67094876752213
17.0799999237061,4.556441243489587,388.1319753900233
17.0699996948242,4.751345570882165,381.60386812831814
17.0599994659424,4.45170618693038,380.0871449958591
17.0499992370605,4.738509114583337,386.10702621196447
17.0400009155273,5.157339986165368,381.13695811932877
17.0300006866455,4.686514790852868,372.6656698681737
17.0200004577637,4.52115402221682,378.06998259735474
17.0100002288818,4.920255279541038,379.670615756981
17,4.91523132324221,364.0874228974522
16.9899997711182,4.80146179199221,374.77038444070723
16.9799995422363,5.349074300130212,367.41332729619177
16.9700012207031,5.004023488362634,377.0817309914354
16.9599990844727,5.058188374837243,372.67008383560596
16.9500007629395,5.399910227457724,384.6091188686174
16.9400005340576,4.901778157552087,386.96255371423183
16.9300003051758,5.147893524169945,375.89597648352014
16.9200000762939,5.199985758463583,374.75817946256797
16.9099998474121,5.3755724589030365,381.2837391327836
16.8999996185303,5.01219202677413,369.36962777632067
16.8899993896484,4.9329022725423215,375.7870295600004
16.8800010681152,5.246902720133505,351.0077989394197
16.8699989318848,5.040553029378259,401.66786239137497
16.8600006103516,5.165497080485068,366.3794513191395
16.8500003814697,5.223762766520224,372.51846676078503
16.8400001525879,5.260620371500693,370.46623409031645
16.8299999237061,4.968251800537132,372.3640161269285
16.8199996948242,5.255574798584007,363.53238892524365
16.8099994659424,5.119715627034509,376.9432106466112
16.7999992370605,5.264338429768884,395.5884195338174
16.7900009155273,5.360922749837243,393.95707316795347
16.7800006866455,5.235258992513025,378.7345030379733
16.7700004577637,5.2484362284342865,371.4029060509586
16.7600002288818,5.212201690673851,376.136671135785
16.75,5.254598236084007,383.5428486046825
16.7399997711182,4.928704833984398,372.5845132999487
16.7299995422363,5.448962148030603,372.75219182952844
16.7200012207031,5.756172434488974,368.5247534405504
16.7099990844727,4.954001363118493,367.6949943863065
16.7000007629395,5.071597035725915,362.060095665806
16.6900005340576,5.221247609456384,381.090382614302
16.6800003051758,5.206173197428427,365.2735707566449
16.6700000762939,5.068301137288415,367.26105906159654
16.6599998474121,5.3213732401530365,366.3516631523719
16.6499996185303,5.41453577677413,368.494001132628
16.6399993896484,5.431743876139365,370.34026159288305
16.6300010681152,5.331957753499353,378.4076853199
16.6199989318848,5.308033243815146,368.3515172192564
16.6100006103516,4.72735493977865,367.85724055382605
16.6000003814697,5.55219675699874,374.2152334552477
16.5900001525879,5.239714558919275,375.6594247131262
16.5799999237061,4.843340810139978,394.9382292770901
16.5699996948242,5.461064910888695,383.7048587030748
16.5599994659424,5.220669047037802,383.95048366927455
16.5499992370605,5.326688385009788,386.9078503112207
16.5400009155273,5.19756978352865,372.56368494128134
16.5300006866455,5.267725880940759,384.208850678173
16.5200004577637,5.836643473307333,363.06930358627943
16.5100002288818,5.5154828389485715,374.9845639194893
16.5,5.495877838134788,394.9434249864159
16.4899997711182,4.924853261311853,390.4549488559228
16.4799995422363,5.188812510172568,363.00824907751587
16.4700012207031,5.24152781168624,377.4051490514537
16.4599990844727,5.398683166503929,386.20099762789096
16.4500007629395,4.995325978597009,384.37052257617177
16.4400005340576,5.490260060628259,370.86251901546905
16.4300003051758,5.1454394022624115,378.40774090848925
16.4200000762939,5.132356262207054,388.56286647348526
16.4099998474121,5.777551269531273,377.6337687240912
16.3999996185303,5.436377461751306,379.8842985860048
16.3899993896484,5.566584523518884,376.9031487819522
16.3800010681152,5.644277191162132,371.95755075714044
16.3700008392334,4.92918421427413,379.68055239969345
16.3600006103516,5.414765930175804,374.36025328796416
16.3500003814697,5.31724573771163,382.5060458373386
16.3400001525879,5.416379547119163,391.50547485563203
16.3299999237061,5.563806152343773,378.9588898073237
16.3199996948242,5.744268035888695,365.92508054933415
16.3099994659424,5.590381876627646,365.30011985229834
16.2999992370605,5.3351849873860715,375.8932501623143
16.2900009155273,5.3862714131673215,383.35994828525565
16.2800006866455,5.720577494303427,380.6157052306987
16.2700004577637,5.356519317626976,382.5314836718626
16.2600002288818,5.852394358317099,366.48840422463337
16.25,5.486212666829431,371.32966669850555
16.2399997711182,5.547877248128259,398.26417875948874
16.2299995422363,5.261755879720056,384.73239218258146
16.2200012207031,5.8982648213704465,370.3962140612823
16.2099990844727,5.340545908610068,376.9015946358811
16.2000007629395,5.320722198486351,378.7072987702459
16.1900005340576,5.87814610799154,385.06968988170445
16.1800003051758,5.625067647298181,389.0839655816084
16.1700000762939,5.7741867065429915,359.7901052746858
16.1599998474121,5.548435465494833,362.2752593981926
16.1499996185303,5.785353597005212,372.1236787881943
16.1399993896484,5.60868860880538,388.7066761965966
16.1300010681152,5.59506505330404,379.2017112702606
16.1200008392334,5.852169291178427,396.98583423397605
16.1100006103516,5.869426981608115,384.32486333450646
16.1000003814697,5.88078333536788,386.89950779167515
16.0900001525879,6.124573008219443,375.1847015163549
16.0799999237061,5.4067792256673215,387.462126907138
16.0699996948242,5.708783721923851,376.3366995980973
16.0599994659424,6.053388214111351,377.3241150407484
16.0499992370605,5.8387682596842865,354.6577672325357
16.0400009155273,5.64456710815432,393.7307923013167
16.0300006866455,6.5018541971842865,376.0125229945732
16.0200004577637,6.017490641276083,376.05636036034764
16.0100002288818,5.726289367675804,396.3312764065918
16,5.761315917968773,359.9490461826208
15.9899997711182,5.615848795572958,389.76301419487345
15.9799995422363,5.976703898112021,370.2717978984471
15.9700002670288,6.2075731913249115,392.0366198869226
15.960000038147,5.953129069010458,396.41305612144373
15.9500007629395,5.771661376953148,378.8937973200901
15.9400005340576,6.200433349609398,386.2742644098841
15.9300003051758,5.986030832926474,367.62743995194523
15.9200000762939,5.694769795735681,392.8254635509239
15.9099998474121,6.100892639160179,384.2808765652794
15.8999996185303,5.567072804768884,397.5816070552381
15.8900003433228,5.781203206380212,396.15131484140494
15.8800001144409,6.001453653971396,370.0883546783884
15.8700008392334,6.090729014078818,389.69538637190215
15.8600006103516,6.095038350423181,384.2750366994663
15.8500003814697,5.650332387288415,384.93341160998153
15.8400001525879,6.084102884928427,379.9546499580475
15.8299999237061,6.300640360514365,374.660743754085
15.8199996948242,5.658197021484398,382.1467912290544
15.8099994659424,6.22019983927413,372.23450872046294
15.8000001907349,6.331831868489587,373.94865027777035
15.789999961853,6.18905919392904,376.3712045005511
15.7800006866455,6.048579152425134,389.2066643342481
15.7700004577637,5.9907330830891965,400.8424272831471
15.7600002288818,6.14960886637374,376.0390749353119
15.75,6.1403607686360715,395.2581789593013
15.7399997711182,6.164249674479208,377.20231971211103
15.7299995422363,6.294821675618493,381.86774847478085
15.7200002670288,6.152155812581384,366.5193422655588
15.710000038147,6.31479161580404,399.88786031971057
15.7000007629395,5.97043126424154,391.30863945441297
15.6900005340576,6.438142395019554,392.6073909741682
15.6800003051758,6.202353413899743,389.55201508372727
15.6700000762939,6.18582433064779,377.1525269992415
15.6599998474121,6.1463485717773665,387.76186787566525
15.6499996185303,6.237427012125693,370.53863873851935
15.6400003433228,6.361962890625023,371.5136758716819
15.6300001144409,5.846905008951865,408.5955586706028
15.6200008392334,6.468503570556663,377.6712908759583
15.6100006103516,6.191092427571618,400.13360113194676
15.6000003814697,6.23294601440432,374.3895346138467
15.5900001525879,6.497017161051474,381.09312717323394
15.5799999237061,6.0290631612141965,389.4906085138983
15.5699996948242,6.249403889973962,392.9845745803684
15.5599994659424,6.129877980550134,390.29782311239546
15.5500001907349,6.467373148600302,383.74932942860283
15.539999961853,6.2078783671061615,393.46280073367564
15.5300006866455,6.56741612752279,378.83138577859967
15.5200004577637,6.202539062500023,379.9709808934478
15.5100002288818,6.293087259928427,388.95732456208555
15.5,6.4296864827474,402.0431559855394
15.4899997711182,6.548702494303427,383.6884936266512
15.4799995422363,6.108516947428427,386.9782000783436
15.4700002670288,6.620149230957054,379.79755499980195
15.460000038147,6.649680074055993,385.73752637864146
15.4500007629395,6.252048746744833,394.0476812553754
15.4400005340576,6.6861740112304915,395.86922901309794
15.4300003051758,6.107254282633505,390.7738969222141
15.4200000762939,6.568102773030603,390.63353062770057
15.4099998474121,5.909894561767601,401.16567507575417
15.3999996185303,6.815779622395837,372.63547796910024
15.3900003433228,6.57640101114913,399.84439617076396
15.3800001144409,6.912592824300134,383.26364579612437
15.3700008392334,6.539936319987021,369.96052762305885
15.3600006103516,6.26377894083663,397.1362962041739
15.3500003814697,6.566468811035179,399.67845824976735
15.3400001525879,6.723423258463583,386.6940921968635
15.3299999237061,6.99478429158529,366.8154267888468
15.3199996948242,6.2459948221842865,398.13387939800305
15.3099994659424,6.957554117838583,381.85058210562136
15.3000001907349,6.414441680908226,385.0312233074268
15.289999961853,6.791031138102255,370.83684788395226
15.2800006866455,6.95862731933596,377.9224628830402
15.2700004577637,6.809673563639365,387.28402602772326
15.2600002288818,7.037185923258505,355.9676075815902
15.25,6.725672658284509,378.0330351527139
15.2399997711182,6.355825042724632,396.69636854626026
15.2299995422363,6.8279650370280365,416.8039325911736
15.2200002670288,6.648212687174521,401.9333505757746
15.210000038147,7.06759923299154,384.9576301430865
15.2000007629395,6.968203481038415,393.3083301112713
15.1900005340576,6.881436920166038,391.6207927275502
15.1800003051758,6.710727945963583,399.86231466374954
15.1700000762939,7.07432581583663,387.45788524974233
15.1599998474121,6.979999796549521,392.58415465204257
15.1499996185303,6.85395202636721,392.68474140189784
15.1400003433228,7.068744913737021,373.42780503879516
15.1300001144409,6.941089884440146,396.11136823917514
15.1200008392334,6.907172139485681,370.45981820416074
15.1100006103516,6.9692487080891965,383.3343855587831
15.1000003814697,7.118182118733728,377.5864133738945
15.0900001525879,7.044951375325525,397.5765521411582
15.0799999237061,6.839538828531943,384.74995846859986
15.0699996948242,7.380535380045615,393.39371360080924
15.0599994659424,6.59567794799807,386.7047050944613
15.0500001907349,7.280605570475302,391.2855369242463
15.039999961853,7.091217295328818,397.9070635094321
15.0300006866455,7.271199798584007,390.8359597583807
15.0200004577637,6.7594772338867415,393.928221522899
15.0100002288818,7.278805033365927,374.48256073195165
15,6.912861124674521,403.5780555653826
14.9899997711182,6.844026184082054,381.2169813223002
14.9799995422363,6.763894653320335,382.14873099360705
14.9700002670288,7.033611551920615,376.65131452655856
14.960000038147,7.187825775146507,378.07958045606625
14.9500007629395,7.0323043823242415,376.774731262001
14.9400005340576,6.932160949707054,375.48754902620254
14.9300003051758,6.842319742838583,381.7206797429584
14.9200000762939,7.205021158854208,385.52991671242376
14.9099998474121,6.7847763061523665,378.35329414676045
14.8999996185303,7.039851125081384,368.46586601135823
14.8900003433228,7.088794962565146,365.5164390540625
14.8800001144409,7.248142496744833,378.8190166609251
14.8700008392334,7.131457265218103,373.2444363745609
14.8600006103516,7.107062276204431,379.52913258411843
14.8500003814697,6.821014658610068,388.6359273880258
14.8400001525879,7.226686096191429,377.63419475737396
14.8299999237061,7.208364105224632,374.5685990288091
14.8199996948242,7.055732981363974,391.3677067805358
14.8099994659424,6.997486368815146,383.46812076197244
14.8000001907349,7.129097239176474,367.38297534283373
14.789999961853,7.447223917643271,379.3803738716406
14.7800006866455,7.126702880859398,356.129715944851
14.7700004577637,7.073445892334007,382.3818755190519
14.7600002288818,6.561304982503259,384.4722934651101
14.75,6.69119796752932,386.93011346827933
14.7399997711182,6.865323638916038,394.6750644330995
14.7299995422363,7.12134704589846,370.113413605914
14.7200002670288,7.488930002848349,383.6571353885154
14.710000038147,6.835565185546898,383.02603054744344
14.7000007629395,6.917054748535179,383.9904101370547
14.6900005340576,7.3267443339030365,394.07646520199046
14.6800003051758,7.324039713541708,401.91942337268006
14.6700000762939,7.579610443115257,399.3252131911004
14.6599998474121,8.099326070149743,420.59639129029176
14.6499996185303,7.695558166503929,404.01952992837516
14.6400003433228,8.21339823404952,418.0937991284569
14.6300001144409,8.159904734293661,428.446224062425
14.6200008392334,8.22958653767904,416.6395327670491
14.6100006103516,8.096763865153036,426.4645305396275
14.6000003814697,8.309819793701195,451.22682392984007
14.5900001525879,8.36774851481124,443.6550254386754
14.5799999237061,8.38060022989913,451.21740625986286
14.5699996948242,8.438516235351585,442.4102644456918
14.5599994659424,7.961881256103538,481.8122446940502
14.5500001907349,8.623572285970056,480.40661090727644
14.539999961853,8.530381774902366,463.08147548431344
14.5300006866455,8.96088816324874,480.53624918766485
14.5200004577637,9.290423329671228,478.2397347230516
14.5100002288818,9.050757344563806,466.5330258522375
14.5,8.79334665934249,455.44594328946386
14.4899997711182,9.122239685058616,474.7510885283468
14.4799995422363,9.464396413167321,485.05434659525577
14.4700002670288,9.310656483968103,479.79046946394766
14.460000038147,9.504187520345056,471.7789663987356
14.4500007629395,9.76853968302413,476.3439791166668
14.4400005340576,9.901048278808616,497.5242602428542
14.4300003051758,9.610091145833337,485.0835724784508
14.4200000762939,9.952156321207724,485.82004337494044
14.4099998474121,9.825226084391318,507.1032287553197
14.3999996185303,10.074878946940146,515.1069427065484
14.3900003433228,10.21940638224288,492.05793691035433
14.3800001144409,9.89381052652999,514.1727404258296
14.3700008392334,10.286278025309286,508.3330076751287
14.3600006103516,10.237587229410849,493.49367578462494
14.3500003814697,10.445001220703148,491.60477172719806
14.3400001525879,10.49552942911788,495.20499603864886
14.3299999237061,10.440360005696618,511.66492964808504
14.3199996948242,10.49820480346682,504.01105613680676
14.3099994659424,10.515560404459677,528.6665210977685
14.3000001907349,10.475481923421228,511.37827782266055
14.289999961853,10.45740407307943,494.54042292747704
14.2800006866455,10.700761413574241,508.9897406066839
14.2700004577637,10.44776560465499,502.17544767583445
14.2600002288818,10.36847839355471,482.7956832910892
14.25,10.323354339599632,480.32056385631057
14.2399997711182,10.407716369628929,474.1937532469025
14.2299995422363,10.219598388671898,486.4631517037532
14.2200002670288,9.805223083496116,494.6096746375843
14.210000038147,9.886399841308616,467.19335088633386
14.2000007629395,9.706992085774743,486.55468086929625
14.1900005340576,9.614186859130882,466.4812826510323
14.1800003051758,9.497034962972009,458.1844793947557
14.1700000762939,9.130269622802757,494.7831758165637
14.1599998474121,9.006667073567712,438.09430932582416
14.1499996185303,8.637317911783896,432.7631498670289
14.1400003433228,8.295491790771507,445.13625970687974
14.1300001144409,8.35111007690432,426.22873074715795
14.1200008392334,8.602183278401696,413.029716578861
14.1100006103516,7.996828969319665,437.4411274984021
14.1000003814697,8.424008941650413,395.2898701453655
14.0900001525879,8.441528574625693,393.6323023063607
14.0799999237061,8.037852223714196,406.60403982817337
14.0699996948242,8.196244812011741,402.6631485071208
14.0599994659424,7.918543752034509,409.9265493836176
14.0500001907349,8.01448465983077,391.3202688499151
14.039999961853,7.808127339680993,388.85126124192186
14.0300006866455,7.6969467163086165,404.7607057205046
14.0200004577637,7.700771586100302,390.2755039290421
14.0100002288818,7.406753794352255,389.72747630761086
14,7.66804148356124,380.2067369153746
13.9899997711182,7.613360341389978,374.495318386144
13.9800004959106,7.695692952473962,408.858575570159
13.9700002670288,7.395778910319052,391.9484251613259
13.960000038147,7.632245635986351,375.681259648375
13.9499998092651,7.715578969319665,386.39660234734976
13.9400005340576,7.6741869608561615,376.4523025621506
13.9300003051758,7.964870707194052,381.4850144719569
13.9200000762939,7.656339263916038,393.3842769635968
13.9099998474121,7.789716339111351,370.0055734935185
13.9000005722046,7.8144699096679915,388.7103163008332
13.8900003433228,7.446534729003929,394.46909484911845
13.8800001144409,8.246518707275413,383.0782590180659
13.8699998855591,7.760317738850915,402.182133148928
13.8600006103516,7.9798446655273665,377.9324980094737
13.8500003814697,8.237578328450525,372.9084024769088
13.8400001525879,7.670599873860681,385.64617550510917
13.8299999237061,8.178023274739587,392.8203971106011
13.8200006484985,8.144883728027366,375.26204318997594
13.8100004196167,7.768135325113974,378.0517924352004
13.8000001907349,7.81479415893557,404.7170275336039
13.789999961853,7.98129806518557,398.5350855911785
13.7799997329712,7.9851242065429915,407.69484625345166
13.7700004577637,7.960432942708337,379.9094368841146
13.7600002288818,8.17875696818038,397.54945088010805
13.75,8.695957438151083,433.4332510518476
13.7399997711182,8.563951110839866,407.9007637504869
13.7300004959106,8.418121592203818,384.09900266508
13.7200002670288,8.504959360758505,413.8346670730838
13.710000038147,8.488474782307946,407.1033587142262
13.6999998092651,8.382059987386071,384.67741521367816
13.6900005340576,8.824531809488974,371.7072616019057
13.6800003051758,8.55911534627279,381.8330498147245
13.6700000762939,8.323940531412802,398.9905627344026
13.6599998474121,8.656645711263025,424.27589689401447
13.6500005722046,8.95819753011068,408.2712676800604
13.6400003433228,8.440296427408896,380.985418080663
13.6300001144409,8.609522755940759,396.91380776326247
13.6199998855591,8.72903722127279,427.9297392449181
13.6100006103516,8.378752644856775,380.28926218847124
13.6000003814697,7.8918866475423215,406.75140036361415
13.5900001525879,8.415105438232445,390.99053718090937
13.5799999237061,8.55057042439779,424.8026934677851
13.5700006484985,8.565324401855491,441.0265363565443
13.5600004196167,8.685221608479821,405.90730806154085
13.5500001907349,8.850993092854821,395.57974202371804
13.539999961853,9.144729868571005,398.2763303375658
13.5299997329712,8.624159749348962,409.3820785564898
13.5200004577637,8.686118062337243,399.83625776784936
13.5100002288818,8.955201721191429,410.08009440494465
13.5,9.10824864705404,407.3325832957645
13.4899997711182,8.991882578531943,401.1478569632132
13.4800004959106,8.837219492594443,405.09081206535626
13.4700002670288,8.938877360026083,410.7347429832542
13.460000038147,8.652445729573571,379.34906596962895
13.4499998092651,8.73570276896163,409.4061698632171
13.4400005340576,8.290727233886741,385.0364830676467
13.4300003051758,8.449048614501976,405.51961500212565
13.4200000762939,8.35559743245443,390.6959445036199
13.4099998474121,9.008579508463583,428.4092703440064
13.4000005722046,8.616287485758505,425.28550122970336
13.3900003433228,8.72796529134115,402.7168502942121
13.3800001144409,8.834252929687523,414.0734645641242
13.3699998855591,8.637734985351585,432.7244815105491
13.3600006103516,8.255453999837243,409.9805345120222
13.3500003814697,8.460722859700525,398.25449467280805
13.3400001525879,8.880028025309286,405.577740823874
13.3299999237061,8.535295104980491,394.82086761262934
13.3200006484985,8.984436289469443,415.24359094565386
13.3100004196167,8.703661855061853,407.15349232667285
13.3000001907349,8.664954121907556,382.15254909805077
13.289999961853,8.675122833251976,390.86474968696996
13.2799997329712,8.421612040201865,409.2251343148131
13.2700004577637,8.49760208129885,397.19147933233353
13.2600002288818,8.871345774332724,395.839934264249
13.25,8.563606516520224,424.9193985741048
13.2399997711182,8.919478352864587,419.0918856835276
13.2300004959106,8.877894337972009,392.0204355828405
13.2200002670288,8.948809560139978,399.66096258022463
13.210000038147,8.850720977783226,400.09204231472586
13.1999998092651,8.812810516357445,396.9580694114979
13.1900005340576,8.961600240071618,419.0709280558572
13.1800003051758,8.77820485432943,398.59741630306667
13.1700000762939,8.625455474853538,429.39692506562454
13.1599998474121,9.05710372924807,429.9772260213386
13.1500005722046,8.813846842447958,423.8643668347253
13.1400003433228,8.741304016113304,402.71814064981226
13.1300001144409,8.812134043375693,412.1305710012383
13.1199998855591,8.870252227783226,423.3191612460866
13.1100006103516,8.582246398925804,422.66079275525095
13.1000003814697,8.692250823974632,403.9485966999175
13.0900001525879,8.645434315999353,407.6109837902742
13.0799999237061,8.93709208170577,431.76534402703896
13.0700006484985,9.267639414469443,404.4077218260759
13.0600004196167,8.887770589192712,392.53601201568364
13.0500001907349,8.71223856608077,426.1390980133303
13.039999961853,8.76129048665365,420.69882895049795
13.0299997329712,8.829728698730491,423.71339668852613
13.0200004577637,8.90089060465499,384.1459705000716
13.0100002288818,8.693722025553427,419.4704004978345
13,8.70270436604818,409.33135783516315
12.9899997711182,8.68995310465499,408.36648261710627
12.9800004959106,8.85799051920577,398.45095685719923
12.9700002670288,8.779419199625693,383.1756140428485
12.960000038147,8.773547108968103,408.2072121169844
12.9499998092651,8.73670349121096,405.2200114731027
12.9400005340576,8.839429473876976,379.0462648565566
12.9300003051758,8.730921681722009,396.6980207383471
12.9200000762939,8.710786437988304,397.25590169255776
12.9099998474121,8.607316589355491,395.27120638593874
12.9000005722046,8.834995524088583,384.0445386869377
12.8900003433228,8.795215861002646,403.44556563413437
12.8800001144409,9.062788899739587,397.50822836655726
12.8699998855591,8.957185363769554,378.3727138234605
12.8600006103516,8.726291910807333,375.46517352475087
12.8500003814697,8.716470336914085,372.93894789606577
12.8400001525879,8.482395426432333,386.99955864418547
12.8299999237061,8.24530944824221,373.3994539828478
12.8200006484985,8.068446095784509,366.54000473386924
12.8100004196167,8.08334630330404,372.4198619411053
12.8000001907349,8.184122975667321,389.7200008825171
12.789999961853,8.477745310465536,391.27160548999933
12.7799997329712,8.580824788411462,394.5986349375893
12.7700004577637,8.504076894124353,395.2943043931493
12.7600002288818,8.059879557291708,391.76394501710956
12.75,8.429619089762411,378.84769336971044
12.7399997711182,8.624781545003259,364.9986562940614
12.7300004959106,8.12708435058596,369.4178365061992
12.7200002670288,8.162034606933616,381.5405044316211
12.710000038147,8.05373026529952,378.12315271825344
12.6999998092651,8.46980692545577,331.32724798083194
12.6900005340576,8.192082977294945,357.103690839892
12.6800003051758,8.299218750000023,381.4045210274545
12.6700000762939,8.23383483886721,365.81865568448745
12.6599998474121,7.888672129313193,382.7095788611068
12.6500005722046,8.3043202718099,366.9505347821585
12.6400003433228,7.8669296264648665,380.7468245603518
12.6300001144409,8.117373402913415,346.0285054024404
12.6199998855591,7.935407257080101,384.03296488002485
12.6100006103516,7.946013387044275,375.4951068858185
12.6000003814697,8.301841990153036,373.9069538751435
12.5900001525879,8.289375559488974,379.7628198642933
12.5799999237061,8.350344594319665,373.55505855411286
12.5700006484985,8.154201761881552,403.7580018108796
12.5600004196167,8.059336598714196,394.5926541306285
12.5500001907349,7.938919321696005,386.5170237186503
12.539999961853,8.065089162190759,363.8409706679946
12.5300006866455,8.016077931722009,360.0778481538391
12.5200004577637,8.140585835774743,350.94864647959116
12.5100002288818,7.923108673095726,353.5659269470378
12.5,7.962261454264365,374.4433758830675
12.4899997711182,7.86460901896163,376.6251166895107
12.4800004959106,8.050138092041038,350.8961753742601
12.4700002670288,7.993798828125023,365.53375497257645
12.460000038147,8.161622619628929,364.03700492237954
12.4499998092651,8.3664540608724,353.4279144864113
12.4400005340576,7.667267100016318,354.1954327042814
12.4300003051758,7.667714691162132,372.55730815681045
12.4200000762939,7.7393051147461165,383.2865627391898
12.4099998474121,7.449253336588583,346.7777041891532
12.4000005722046,7.434125518798851,343.9210917923393
12.3900003433228,7.443570709228538,349.6947855907706
12.3800001144409,8.0013417561849,339.5324377403197
12.3699998855591,7.4804550170898665,350.2872271819261
12.3600006103516,7.269770558675134,350.34015247958905
12.3500003814697,7.4543561299641965,372.20603145945074
12.3400001525879,7.565549468994163,351.3791297674965
12.3299999237061,7.827971394856775,342.65561726541193
12.3200006484985,7.661492919921898,370.58193247415295
12.3100004196167,7.47209192911788,375.7365488471498
12.3000001907349,7.906983947753929,351.43308542373575
12.289999961853,7.469018554687523,355.3473823466232
12.2800006866455,7.192099507649743,375.5713462712714
12.2700004577637,7.3568524678548215,354.51889088729723
12.2600002288818,7.9026288350423215,344.38154871021163
12.25,7.245801544189476,341.9809718228454
12.2399997711182,7.498251851399743,351.28789153016095
12.2300004959106,7.693601226806663,367.9902303446725
12.2200002670288,8.008587137858115,350.69585817226744
12.210000038147,7.668325042724632,361.60824141040496
12.1999998092651,7.766074117024743,347.66842714713715
12.1900005340576,7.3559738159179915,354.6357561938033
12.1800003051758,7.257433827718103,340.3475167381339
12.1700000762939,7.18509190877279,317.98038917489146
12.1599998474121,7.146967824300134,340.0520098401083
12.1500005722046,7.2651166280110715,341.24941869273505
12.1400003433228,7.051049804687523,345.8585160800073
12.1300001144409,7.082405344645224,347.6489641375998
12.1199998855591,7.124551391601585,355.4987213325959
12.1100006103516,7.0722213745117415,333.8576677029229
12.1000003814697,7.360616302490257,340.23596926076783
12.0900001525879,7.37092234293624,349.05597844729164
12.0799999237061,7.352298990885458,353.91383433391877
12.0700006484985,7.48411585489913,333.9222870305895
12.0600004196167,7.323169962565146,365.00347645213037
12.0500001907349,6.989039357503259,317.54091191586264
12.039999961853,7.326650238037132,346.55570233077526
12.0300006866455,7.433012898763025,355.1618130454015
12.0200004577637,7.463295237223349,351.1310100262621
12.0100002288818,7.50690867106124,367.5509996597012
12,7.508240000406943,375.45353931448903
11.9899997711182,7.98428624471029,341.491504664652
11.9800004959106,8.135634358723962,353.61456608725325
11.9700002670288,7.750076548258505,359.9387255263468
11.960000038147,8.1022773742676,365.14599509013254
11.9499998092651,8.088124847412132,398.1643616416767
11.9400005340576,8.336661275227868,348.89693686710837
11.9300003051758,8.202158864339196,353.76497524099625
11.9200000762939,7.862776692708337,361.7855226134559
11.9099998474121,8.005933380126976,355.477433091426
11.9000005722046,7.6082384745280365,354.0163245187763
11.8900003433228,8.12907180786135,349.93487299970576
11.8800001144409,8.230760192871116,361.08886394362975
11.8699998855591,7.95582224527999,348.23320663068813
11.8600006103516,8.504824574788415,372.41238593240433
11.8500003814697,8.344775136311853,344.10119371506653
11.8400001525879,8.29623692830404,367.2960632400413
11.8299999237061,8.631144460042321,375.51417231292595
11.8200006484985,7.8367477416992415,374.64810442625986
11.8100004196167,8.417625681559286,375.4571842334853
11.8000001907349,7.877212778727255,373.03559529707394
11.789999961853,8.253266906738304,343.4634340006756
11.7800006866455,8.17441075642904,372.28317003775345
11.7700004577637,7.988492584228538,396.9995314958193
11.7600002288818,8.229168192545615,364.91786564757376
11.75,8.876555379231775,361.59148400401654
11.7399997711182,8.512404378255212,376.34542306726655
11.7300004959106,8.52696253458663,381.12144087831814
11.7200002670288,8.84747975667318,337.09493675260217
11.710000038147,8.59367141723635,359.632222300769
11.6999998092651,8.29337081909182,391.70257360961654
11.6900005340576,8.373024241129599,385.002001801286
11.6800003051758,8.504644012451195,349.79292031482123
11.6700000762939,8.403904215494833,370.83758308316857
11.6599998474121,8.22482833862307,376.6918566999733
11.6500005722046,8.622037506103538,372.1828537898523
11.6400003433228,8.312595621744833,368.60536667043806
11.6300001144409,8.825410461425804,385.4337579365744
11.6199998855591,9.20696919759115,389.33758231940453
11.6100006103516,8.86185226440432,386.08041430558217
11.6000003814697,8.382704671223962,368.8315583910695
11.5900001525879,8.658387756347679,396.04137709869923
11.5799999237061,8.747754669189476,377.7920514689651
11.5700006484985,8.47171300252279,373.6371811382163
11.5600004196167,8.789890543619833,366.1922900832781
11.5500001907349,8.883243815104208,382.3789301992305
11.539999961853,8.910091654459677,384.5652345224604
11.5300006866455,9.032202657063806,401.6791184241475
11.5200004577637,8.865282948811853,383.2382178829234
11.5100002288818,8.786501820882165,396.683968643304
11.5,9.228360748291038,394.14758212082586
11.4899997711182,9.104243214925134,380.4306203234834
11.4800004959106,9.004145558675134,386.6722502583279
11.4700002670288,8.702508544921898,398.23992272961885
11.460000038147,9.016231791178427,401.47683169363313
11.4499998092651,8.945865885416708,384.0741436230329
11.4400005340576,9.021245574951195,386.1442787372882
11.4300003051758,8.599361673990927,410.4052934883473
11.4200000762939,8.796590423584007,378.5719316553212
11.4099998474121,8.791038767496786,410.63527413306065
11.4000005722046,9.391097005208337,386.90299061376146
11.3900003433228,9.191739654541038,377.9066941073106
11.3800001144409,8.93812204996749,399.32828894713913
11.3699998855591,8.78870544433596,382.76811816858236
11.3600006103516,9.111070251464866,403.18476352404116
11.3500003814697,9.451395924886071,394.19854708178104
11.3400001525879,9.24268239339193,374.1046379871863
11.3299999237061,9.138380940755212,371.58843056032487
11.3200006484985,9.44410095214846,383.25176544951046
11.3100004196167,9.171272532145224,397.22591186748997
11.3000001907349,8.737786865234398,398.781561602631
11.289999961853,9.0455146789551,405.50866200741075
11.2800006866455,9.317864990234398,390.8819030708684
11.2700004577637,8.653503672281943,382.9453526830543
11.2600002288818,9.732044474283896,414.2071129557371
11.25,9.39850769042971,373.4144033740172
11.2399997711182,9.703599548339866,377.6339322800193
11.2300004959106,9.20399881998702,370.6494429920696
11.2200002670288,9.501576995849632,395.82049780884086
11.210000038147,9.8624092102051,364.18426303475024
11.1999998092651,9.396357472737634,413.07330401483637
11.1900005340576,9.530425008138025,355.98141003863793
11.1800003051758,8.821764882405603,378.40168919324924
11.1700000762939,9.005750274658226,389.5909483978925
11.1599998474121,9.580345408121786,363.70452913214723
11.1500005722046,9.31711349487307,364.9211943973496
11.1400003433228,9.501345570882165,356.1110100927523
11.1300001144409,9.388871765136741,369.99793859774735
11.1199998855591,9.292952473958337,399.5842573302951
11.1100006103516,9.60511423746749,371.76081486095524
11.1000003814697,9.236900583903036,385.82138373525567
11.0900001525879,9.424869791666708,358.05249526547436
11.0799999237061,9.284551239013695,369.32443673356096
11.0700006484985,9.172998046875023,375.88370512005775
11.0600004196167,8.992190297444665,386.19045811890317
11.0500001907349,9.325762685139978,383.0305162985659
11.039999961853,9.705826059977255,354.18456301949954
11.0300006866455,9.600886281331384,402.62332373290167
11.0200004577637,9.516233062744163,401.5962577227916
11.0100002288818,9.728519694010458,366.42824103002204
11,9.126485443115257,365.84713367500876
10.9899997711182,9.618586476643884,389.9524620038878
10.9800004959106,9.416654205322288,385.701113080524
10.9700002670288,9.38226216634115,361.65418399338364
10.960000038147,9.551347351074241,374.8608709919221
10.9499998092651,9.225834147135458,377.64336935493714
10.9400005340576,9.51718673706057,346.67198300873207
10.9300003051758,9.377903238932333,367.14150186671156
10.9200000762939,9.216746266682946,366.0200830533459
10.9099998474121,9.555903371175134,368.56680846982425
10.9000005722046,9.24190165201827,349.4333067880865
10.8900003433228,9.338185882568382,371.66465973265116
10.8800001144409,9.621404266357445,380.53957454209365
10.8699998855591,9.486053721110068,365.9023817294734
10.8600006103516,9.5750722249349,382.38101484427966
10.8500003814697,9.53931833902999,373.09199013975854
10.8400001525879,9.376495615641318,363.68596516955785
10.8299999237061,9.318165079752646,392.18417067832246
10.8200006484985,9.496990458170615,384.2798915821658
10.8100004196167,9.783592478434286,381.3541096179633
10.8000001907349,9.347515360514365,379.090796423139
10.789999961853,9.71223093668624,387.19876743013396
10.7800006866455,9.51054407755538,360.5634499354027
10.7700004577637,9.472741699218773,372.75199398667525
10.7600002288818,9.792002614339196,355.31050887419957
10.75,9.55841979980471,377.5167543059362
10.7400007247925,9.460435485839866,382.0747078566352
10.7300004959106,9.366633351643884,354.35201131602446
10.7200002670288,9.66366856892904,360.94855440491995
10.710000038147,9.745957946777366,373.83970539687596
10.6999998092651,9.615037536621116,350.90121686537356
10.6900005340576,9.701277669270837,356.3244053493101
10.6800003051758,9.282715098063193,357.77513942791825
10.6700000762939,9.721648152669275,347.25617545749986
10.6599998474121,9.418995157877646,365.8954191492388
10.6500005722046,9.513764953613304,399.4383422440776
10.6400003433228,9.706964111328148,384.0882876362158
10.6300001144409,9.989531453450525,371.79793884678514
10.6199998855591,9.580496724446618,371.59924100897223
10.6100006103516,9.336794789632165,374.0994510319692
10.6000003814697,9.580436960856161,360.2830354123195
10.5900001525879,9.83942820231124,362.52975504848706
10.5799999237061,9.588314310709677,400.40847299120196
10.5700006484985,9.718862152099632,381.1298976389802
10.5600004196167,9.466310119628929,398.71791339740616
10.5500001907349,9.630108133951865,373.26460248491657
10.539999961853,9.29019444783529,381.10591400778804
10.5300006866455,9.418295796712243,373.0931798231104
10.5200004577637,9.976949310302757,367.9059541039642
10.5100002288818,9.726238505045615,378.43141479014054
10.5,9.891311899821005,383.7555188751507
10.4900007247925,9.910049692789755,363.31543658257857
10.4800004959106,9.756697591145837,374.8704371899411
10.4700002670288,9.634095764160179,370.5628806159137
10.460000038147,9.558240509033226,402.3531935365421
10.4499998092651,9.42609812418624,382.27996806602016
10.4400005340576,9.43122507731124,405.8968765198919
10.4300003051758,9.621394093831384,398.15918417007714
10.4200000762939,9.683450317382835,371.76710425024237
10.4099998474121,9.957326507568382,363.58115222789866
10.4000005722046,9.708680725097679,358.20423869126205
10.3900003433228,9.75543874104818,381.35492462546915
10.3800001144409,9.131761169433616,368.0201015515694
10.3699998855591,9.870141601562523,386.09520641460136
10.3600006103516,9.424927012125693,400.53103021908674
10.3500003814697,9.294883982340536,391.6094666619093
10.3400001525879,9.239977773030603,398.9660191320669
10.3299999237061,9.745318349202478,383.418455640235
10.3200006484985,9.696651713053427,408.52064276046076
10.3100004196167,9.396577453613304,390.7806015480501
10.3000001907349,9.422176615397177,344.5065264491102
10.289999961853,9.578623708089196,370.8045316545375
10.2800006866455,10.152190144856775,378.5811150069929
10.2700004577637,9.457123057047568,382.29602105847397
10.2600002288818,9.656850433349632,384.1124227134859
10.25,9.262651062011741,375.85992181204955
10.2400007247925,9.20379536946615,405.2080180525867
10.2300004959106,9.624726867675804,380.6525807457476
10.2200002670288,9.556424713134788,372.8392142340886
10.210000038147,9.4911933898926,404.2933663224909
10.1999998092651,9.726435597737634,403.399739043094
10.1900005340576,9.917049662272177,406.10850534324635
10.1800003051758,9.925494130452478,378.2057265766525
10.1700000762939,10.367004648844443,398.8049662954444
10.1599998474121,9.974734242757165,379.4836560115181
10.1500005722046,10.081417338053427,388.8415240469826
10.1400003433228,9.996697998046898,381.7514657541987
10.1300001144409,9.754290517171228,387.8333241621087
10.1199998855591,10.19961827596029,392.9252188063689
10.1100006103516,9.829719797770224,391.084186591543
10.1000003814697,9.960923767089866,385.38851991343216
10.0900001525879,10.016032155354821,396.6199228556492
10.0799999237061,10.360950724283896,387.2393539576987
10.0700006484985,10.048909759521507,382.8826058592064
10.0600004196167,10.115107472737634,367.59768896813904
10.0500001907349,9.574931081136071,387.62995950902825
10.039999961853,9.808293914794945,371.70842604424456
10.0300006866455,10.044647471110068,379.0012847878129
10.0200004577637,10.049729919433616,372.78298732438634
10.0100002288818,9.781672414143884,378.3632517993333
10,9.753784434000693,393.3575381226406
9.99000072479248,9.885032908121786,373.17720555041234
9.98000049591064,9.80701599121096,410.7581330858867
9.97000026702881,9.92764816284182,405.81973619076746
9.96000003814697,9.9275947570801,373.38503333983476
9.94999980926514,9.75370559692385,376.52025618386176
9.94000053405762,9.408040618896507,408.6612109830782
9.93000030517578,9.780637359619163,379.345767129724
9.92000007629395,9.773377990722679,386.18267834263554
9.90999984741211,10.164703623453818,419.0223789370581
9.90000057220459,10.312576548258505,419.7424533882351
9.89000034332275,10.12315394083663,421.08681016598626
9.88000011444092,9.667021687825525,383.3416348360726
9.86999988555908,9.90723317464193,392.77439996034576
9.86000061035156,10.074576314290368,367.56901415607723
9.85000038146973,9.69226735432943,377.0122471515499
9.84000015258789,9.903901672363304,400.34011916082835
9.82999992370605,9.893867746988974,368.29094433236486
9.82000064849854,10.141577657063806,388.4917680841796
9.8100004196167,9.87880350748702,382.6282102975531
9.80000019073486,9.746141052246116,400.51097718263316
9.78999996185303,9.746648406982445,376.8436021683863
9.78000068664551,9.9109931945801,392.8196331687284
9.77000045776367,9.972755686442099,374.1817768572927
9.76000022888184,9.842478688557946,403.88964609524203
9.75,9.652127838134788,386.9778639205753
9.74000072479248,9.488250986735068,401.7283916536255
9.73000049591064,10.207582092285179,387.7898261639423
9.72000026702881,10.36597340901693,393.4158123265289
9.71000003814697,9.521685536702478,402.86120802451865
9.69999980926514,9.66465784708663,408.9675627625781
9.69000053405762,9.595296478271507,400.33981130801106
9.68000030517578,9.769640858968103,404.59040664853063
9.67000007629395,10.178141530354821,384.8812490869768
9.65999984741211,10.098627980550134,360.8568327948906
9.65000057220459,9.911216990153036,396.4913823404729
9.64000034332275,9.73078053792318,382.7318452280052
9.63000011444092,9.77595163981124,383.57403249015636
9.61999988555908,10.0224433898926,380.9306887071299
9.61000061035156,9.8812080383301,387.75424217170803
9.60000038146973,9.832054392496786,396.0984442569204
9.59000015258789,9.814335123697958,409.2252606657798
9.57999992370605,9.807855224609398,390.1823497091487
9.57000064849854,10.034939066569052,382.36235983896137
9.5600004196167,10.172021484375023,397.21643321055654
9.55000019073486,10.065726216634118,380.2453784259215
9.53999996185303,10.113066609700525,377.12665795192055
9.53000068664551,9.73072204589846,383.12712547330005
9.52000045776367,10.162502543131552,400.90462259815644
9.51000022888184,10.07062937418624,377.4891181688537
9.5,9.925075785319052,372.1986203770548
9.49000072479248,9.767045593261741,405.43733601128287
9.48000049591064,10.379805501302087,426.80054342741914
9.47000026702881,9.83436991373702,403.4622640961919
9.46000003814697,9.946818288167321,411.3655462452866
9.44999980926514,10.102676645914755,394.84287237758394
9.44000053405762,9.90735778808596,409.726675577223
9.43000030517578,9.838868713378929,399.39332555397976
9.42000007629395,10.395510609944665,399.89350555251025
9.40999984741211,10.055739339192712,400.1164134611231
9.40000057220459,10.090690867106161,363.17077041584747
9.39000034332275,10.12996317545577,383.4779116487774
9.38000011444092,10.01312154134115,395.6823286496713
9.36999988555908,9.601934051513695,392.0667777908745
9.36000061035156,10.130689239501976,388.700387974524
9.35000038146973,9.523793792724632,386.50770774223406
9.34000015258789,10.187005615234398,391.1394070705657
9.32999992370605,9.919644927978538,399.7919686900738
9.32000064849854,9.994377390543661,402.0762129584391
9.3100004196167,9.6405019124349,379.9851076902172
9.30000019073486,10.264831797281943,378.23203500727175
9.28999996185303,9.894754028320335,382.09139158260996
9.28000068664551,10.32748692830404,402.58340806185544
9.27000045776367,9.707667287190759,401.5188073523227
9.26000022888184,10.042535400390648,401.3141870682727
9.25,10.302119191487634,404.01056718023887
9.24000072479248,10.236175791422568,402.5005616588769
9.23000049591064,10.085855102539085,410.41796389325776
9.22000026702881,10.118302917480491,392.93509431622317
9.21000003814697,9.884125010172568,383.34146427685766
9.20000076293945,9.614909108479821,408.3560970345271
9.19000053405762,10.175035095214866,406.69072884709965
9.18000030517578,10.467228190104208,404.63345089207047
9.17000007629395,9.84101003011068,392.05308724051446
9.15999984741211,10.352981821696005,366.3414030453486
9.15000057220459,10.853753662109398,404.4521891958623
9.14000034332275,10.495622253417991,394.369560926718
9.13000011444092,10.075837707519554,399.76467454683194
9.11999988555908,10.496438598632835,390.0400586779688
9.11000061035156,9.916727956136071,425.71963935792803
9.10000038146973,9.76846847534182,395.0709726397809
9.09000015258789,10.196228281656943,375.8089006788978
9.07999992370605,10.229716237386071,376.7168204995194
9.07000064849854,10.102516428629599,370.5401229976239
9.0600004196167,10.42886632283529,368.99557711966844
9.05000019073486,10.352273559570335,388.048541586361
9.03999996185303,10.2100654602051,404.4327714158857
9.03000068664551,10.20030237833663,377.66059043727506
9.02000045776367,9.677077229817712,399.5223396664286
9.01000022888184,10.046956634521507,403.47371286525436
9,10.231162007649743,384.4286214060855
8.99000072479248,10.045167541503929,381.85154753789254
8.98000049591064,9.91961568196615,389.50824468688324
8.97000026702881,9.989514923095726,407.60052000432535
8.96000003814697,10.451003011067712,411.86358615608043
8.95000076293945,10.411415354410849,399.6190429478297
8.94000053405762,10.007244364420615,407.1169127004929
8.93000030517578,9.704667663574241,393.24515112626466
8.92000007629395,9.930874125162802,401.8050170952655
8.90999984741211,9.817205047607445,371.8847924429521
8.90000057220459,10.253989156087243,388.8446499932437
8.89000034332275,9.916153208414755,379.94955141932667
8.88000011444092,9.599931335449241,385.37726096262344
8.86999988555908,10.077615356445335,401.3754640772952
8.86000061035156,9.94537251790365,378.718145402542
8.85000038146973,9.567109680175804,397.7909563087264
8.84000015258789,9.331025695800804,372.23102575247486
8.82999992370605,9.572344716389978,371.0771398472238
8.82000064849854,9.942376708984398,397.2532430697914
8.8100004196167,9.85343704223635,376.8782217496621
8.80000019073486,9.748766835530603,380.48297397785814
8.78999996185303,10.015785471598349,373.7494231081939
8.78000068664551,9.660398101806663,382.178038727717
8.77000045776367,9.77459615071615,376.36674690847786
8.76000022888184,10.232705688476585,371.99899810537914
8.75,10.010519917805993,408.47923407620146
8.74000072479248,9.895340220133505,368.4602571081089
8.73000049591064,9.934346771240257,398.84805912428675
8.72000026702881,9.705868021647177,357.45664453264624
8.71000003814697,9.897407786051474,398.45622128627707
8.70000076293945,10.032047526041708,388.6538059039157
8.69000053405762,9.600582377115927,373.4960304755767
8.68000030517578,10.08243077596029,394.86413435642817
8.67000007629395,9.754988606770837,399.60756368528916
8.65999984741211,9.918037668863974,381.00072784930103
8.65000057220459,9.810744222005212,375.4934641773492
8.64000034332275,9.949747975667321,378.34345700908193
8.63000011444092,10.060772196451865,401.1210769779468
8.61999988555908,10.114747619628929,346.36196675939345
8.61000061035156,9.568237559000693,368.74778128045034
8.60000038146973,9.790835316975915,371.39022674603785
8.59000015258789,9.697462972005212,374.57556263035633
8.57999992370605,10.03863423665365,382.80026646501466
8.57000064849854,9.964400227864587,367.9426160187645
8.5600004196167,10.030749257405603,378.275455093872
8.55000019073486,9.73471349080404,377.76345237994224
8.53999996185303,10.013953145345056,382.40677191196204
8.53000068664551,9.614764149983728,371.1266314917102
8.52000045776367,9.702896372477255,355.68051075564784
8.51000022888184,9.787798817952478,385.97138567704934
8.5,9.722076670328818,414.5560733159748
8.49000072479248,9.41946690877279,380.1082512974729
8.48000049591064,9.885878499348962,396.58462526866634
8.47000026702881,9.670284525553427,383.86784517637403
8.46000003814697,10.16610997517904,379.3535186010407
8.45000076293945,9.968776957194052,362.8700319166511
8.44000053405762,10.035217539469443,396.2401262939489
8.43000030517578,9.93293406168624,370.2429868140955
8.42000007629395,9.975898996988974,359.7826514430599
8.40999984741211,9.676327006022177,395.49672768775713
8.40000057220459,9.719864145914755,379.3645528630633
8.39000034332275,10.0504140218099,383.1430134508077
8.38000011444092,9.954634602864587,357.5940960008165
8.36999988555908,9.798819478352868,378.7907029558409
8.36000061035156,9.946073150634788,393.48787512679303
8.35000038146973,10.29987742106124,373.7638201151139
8.34000015258789,10.143368021647177,395.5183809752535
8.32999992370605,9.775202687581384,374.1907696612016
8.32000064849854,10.098512268066429,392.008835513602
8.3100004196167,9.524920399983728,380.7045109930721
8.30000019073486,9.99775339762374,388.2922863159462
8.28999996185303,10.038237508138025,365.81406502996424
8.28000068664551,10.048736826578818,388.6509437481256
8.27000045776367,10.029231007893884,368.03775537867324
8.26000022888184,9.469297027587913,370.14605154881787
8.25,10.032032267252646,375.6070879833614
8.24000072479248,9.719119008382165,377.77142883184865
8.23000049591064,9.787854766845726,368.8616700441479
8.22000026702881,9.9764394124349,395.1628576598365
8.21000003814697,9.744897460937523,386.13819784168635
8.20000076293945,10.033624267578148,391.00505324370556
8.19000053405762,10.14874165852865,370.820140813688
8.18000030517578,9.756178792317712,365.75885170013015
8.17000007629395,9.544604237874353,387.3988959810874
8.15999984741211,9.757307942708337,358.6159365376318
8.15000057220459,9.561783091227255,384.3643099312363
8.14000034332275,9.583612060546898,388.3144495302656
8.13000011444092,9.848152414957724,376.19040385405975
8.11999988555908,9.986587778727255,383.5668366129289
8.11000061035156,9.51111755371096,385.7946848713952
8.10000038146973,9.577703094482445,389.6046643351673
8.09000015258789,10.260662333170615,369.18088175500833
8.07999992370605,9.980688985188806,394.49950808123634
8.07000064849854,10.048031107584677,367.21665909844603
8.0600004196167,9.651080067952478,364.11284555818804
8.05000019073486,9.819193776448571,389.16924241692385
8.03999996185303,9.89579798380538,372.7057708345175
8.03000068664551,9.893575286865257,361.6940232118818
8.02000045776367,9.643395996093773,373.0162959893665
8.01000022888184,9.540569559733115,372.005926836394
8,9.94892018636068,368.7146977534213
7.99000072479248,10.314483896891318,394.09510678434236
7.98000049591064,9.839491780598962,388.87277636040494
7.97000026702881,9.93604176839193,400.7360250330808
7.96000003814697,9.636729176839196,377.77589313540506
7.95000076293945,9.84390792846682,408.6075337074909
7.94000053405762,10.425747172037802,398.5850989805343
7.93000030517578,10.75441385904952,391.69054196282656
7.92000007629395,10.247979736328148,406.6215093812923
7.90999984741211,10.234049733479821,383.4421538874885
7.90000057220459,9.77048009236654,393.934043150986
7.89000034332275,10.434275563557946,408.76833588480525
7.88000011444092,10.433875020345056,365.8901780644504
7.86999988555908,10.210960642496786,410.76907863960935
7.86000061035156,10.329014078776083,422.48734701895904
7.85000038146973,10.229346211751306,410.9244030794009
7.84000015258789,10.346519724528036,394.4804991181291
7.82999992370605,10.246900177001976,407.22281275653216
7.82000064849854,10.3307929992676,410.31824846900673
7.8100004196167,10.431539154052757,390.3805596513118
7.80000019073486,10.132989501953148,399.72184331993344
7.78999996185303,10.02909622192385,408.71575754164445
7.78000068664551,10.084535217285179,399.45231278000944
7.77000045776367,10.22907409667971,405.34168278520224
7.76000022888184,9.951121266682946,393.5727651764124
7.75,10.445149993896507,415.9933540805646
7.74000072479248,10.866310373942099,401.0474210758286
7.73000049591064,10.178065236409509,410.9753811715189
7.72000026702881,10.112825012207054,402.48875674349836
7.71000003814697,10.260807291666708,381.0735416061769
7.70000076293945,10.415672556559286,413.89758372663755
7.69000053405762,10.429705556233728,438.4410351998547
7.68000030517578,10.244193013509118,417.08909154928676
7.67000007629395,10.176089223225915,421.7880326444027
7.65999984741211,10.162245686848962,411.8167432130374
7.65000057220459,10.457933044433616,417.917404716602
7.64000034332275,10.162407175699911,411.4552669579052
7.63000011444092,10.134038543701195,391.7319299290289
7.61999988555908,10.308681742350302,397.56940878858205
7.61000061035156,10.232209777832054,391.34418653348956
7.60000038146973,10.256351725260458,415.37307325700823
7.59000015258789,10.09317550659182,423.6835235849057
7.57999992370605,10.574039713541708,428.6669942177301
7.57000064849854,10.439603424072288,418.1173024508933
7.5600004196167,10.491029357910179,422.27504004399566
7.55000019073486,10.666005706787132,423.0318499444848
7.53999996185303,10.076553599039755,389.94048069322196
7.53000068664551,10.478288269042991,388.99261179004
7.52000045776367,10.341297403971396,410.24061674258905
7.51000022888184,10.76441090901693,420.59978146472923
7.5,10.723655954996786,402.32008637342
7.49000072479248,10.776335652669275,399.2626062870874
7.48000049591064,10.761997477213583,429.4475332966563
7.47000026702881,10.389674123128259,399.8550607176021
7.46000003814697,10.531776682535849,399.09105844152896
7.45000076293945,10.313681538899743,420.5652596376656
7.44000053405762,10.591826375325525,440.368607905565
7.43000030517578,10.520838673909509,420.82399417322137
7.42000007629395,10.49509201049807,400.5703084451288
7.41000080108643,10.547816212972009,421.64089971578426
7.40000057220459,10.347210184733115,397.94701623953785
7.39000034332275,10.459367370605491,394.43228615709813
7.38000011444092,10.293689982096396,386.3474340212725
7.36999988555908,10.221182759602868,419.03870972655653
7.36000061035156,10.50372975667318,389.9202683319928
7.35000038146973,10.44626134236654,408.58232800274527
7.34000015258789,10.349234517415368,416.7318953237261
7.32999992370605,10.046052551269554,426.32923637560737
7.32000064849854,10.279634094238304,393.3529779615955
7.3100004196167,10.254495239257835,389.9031105710401
7.30000019073486,10.355980173746786,393.2245496449105
7.28999996185303,10.515140787760458,419.2613153266208
7.28000068664551,10.30130538940432,400.6259615230157
7.27000045776367,10.45633468627932,407.2082291411983
7.26000022888184,10.079517618815146,391.2587207553312
7.25,10.103167470296228,380.2941256793776
7.24000072479248,10.295976257324241,425.26431161815646
7.23000049591064,10.459361012776696,417.5689103667427
7.22000026702881,10.106206512451195,396.1408795063089
7.21000003814697,10.292643483479821,408.96056093475687
7.20000076293945,10.464393870035849,422.46387491950975
7.19000053405762,10.394047037760458,395.6569948431373
7.18000030517578,10.510410563151083,399.52308537057525
7.17000007629395,10.785359954834007,388.2459019422894
7.16000080108643,10.190154012044275,418.64346610261583
7.15000057220459,10.118430074055993,402.19454399451996
7.14000034332275,10.54349034627279,389.56372224489365
7.13000011444092,10.343780771891318,424.4882280886782
7.11999988555908,10.85023142496749,401.5985114680376
7.11000061035156,10.527378336588583,406.237555493442
7.10000038146973,10.518721516927087,450.61508653262047
7.09000015258789,10.533773040771507,400.70486288697657
7.07999992370605,10.335969543457054,394.90453296246267
7.07000064849854,10.285872395833337,392.5552246577165
7.0600004196167,10.701952870686853,395.4757373780815
7.05000019073486,10.435987091064476,401.89646047054475
7.03999996185303,10.537032063802087,399.5126215846264
7.03000068664551,10.554952239990257,431.45021654552215
7.02000045776367,10.863234456380212,400.66248497699905
7.01000022888184,10.643169657389365,408.9490632885884
7,10.369288380940759,388.75972200915396
6.99000072479248,10.816148376464866,382.94125897009314
6.98000049591064,10.540032958984398,379.37381222957754
6.97000026702881,9.948906199137411,399.294232255043
6.96000003814697,10.249473826090536,400.64299701825234
6.95000076293945,10.723142242431663,402.23044269695663
6.94000053405762,10.481562550862634,411.2054700753746
6.93000030517578,10.497136688232445,412.7390407815401
6.92000007629395,10.410212453206384,403.7393281301297
6.91000080108643,10.311484273274743,419.01808592222557
6.90000057220459,10.72549718221029,401.21388220071276
6.89000034332275,10.657854970296228,419.19723204220105
6.88000011444092,10.559683736165368,403.10525695937594
6.86999988555908,10.370440419514978,409.1668949814572
6.86000061035156,10.326563771565759,402.5221577528641
6.85000038146973,10.648161824544275,400.8376866415642
6.84000015258789,10.341279602050804,410.05943003991075
6.82999992370605,10.554841613769554,413.8643936912878
6.82000064849854,10.401892598470056,419.87532820845587
6.8100004196167,10.283434804280603,405.36291704270275
6.80000019073486,11.009648895263695,407.7984620707668
6.78999996185303,10.58564402262374,390.1267837346419
6.78000068664551,10.422910308837913,422.13268131437627
6.77000045776367,10.824419911702478,419.4669265757586
6.76000022888184,10.69847132364913,411.81801751943857
6.75,10.261162058512411,398.29895868685276
6.74000072479248,10.598915354410849,418.8225833340331
6.73000049591064,10.45866165161135,455.3411881249211
6.72000026702881,10.940613047281943,419.9118065787803
6.71000003814697,10.810639953613304,438.30216935954644
6.70000076293945,11.183062489827478,429.942291292155
6.69000053405762,10.896806335449241,413.2995164535247
6.68000030517578,10.626181538899743,413.15748250133254
6.67000007629395,10.863362884521507,396.5449478552744
6.66000080108643,11.027035013834677,429.3098553888782
6.65000057220459,10.714142100016318,441.9444650412737
6.64000034332275,10.705569203694665,419.1576051108351
6.63000011444092,10.82092946370443,425.42319927193114
6.61999988555908,10.789239501953148,431.32382822793267
6.61000061035156,10.739957427978538,425.31364204114374
6.60000038146973,11.04730885823568,406.37081184689373
6.59000015258789,11.08392232259115,401.29761670800366
6.57999992370605,11.164295450846396,403.74563721616107
6.57000064849854,10.596401468912802,426.73189385407835
6.5600004196167,10.882801310221396,427.11727101407695
6.55000019073486,10.78947219848635,464.2408824599246
6.53999996185303,11.184145863850915,395.5824140694508
6.53000068664551,10.269815063476585,414.30586805428027
6.52000045776367,10.370449320475302,424.0462407349247
6.51000022888184,10.72591044108077,408.4252720002827
6.5,10.845830535888695,436.91700151134626
6.49000072479248,10.737443542480491,423.9120326639719
6.48000049591064,10.678328450520837,416.19164426872265
6.47000026702881,10.829509989420615,407.3342203140632
6.46000003814697,10.568613942464196,411.2199972267083
6.45000076293945,11.008535003662132,427.8726356112447
6.44000053405762,10.806803639729821,420.40316126867873
6.43000030517578,10.999894714355491,422.8117891637758
6.42000007629395,10.571984863281273,440.6836201246526
6.41000080108643,10.648376719156943,440.9957822978002
6.40000057220459,10.458730316162132,419.5237340287594
6.39000034332275,10.471428171793661,415.5207865830235
6.38000011444092,10.717993672688806,431.99827976699487
6.36999988555908,10.699381764729821,435.39112070593393
6.36000061035156,10.73004048665365,424.8290182394069
6.35000038146973,10.899320220947288,419.4991691247596
6.34000015258789,10.542008972167991,448.1154642021109
6.32999992370605,10.91914011637374,399.155000784801
6.32000064849854,10.916068013509118,406.90461827308513
6.3100004196167,10.83034159342452,433.89232540417635
6.30000019073486,10.205264027913415,426.1882371590456
6.28999996185303,10.922722117106161,397.1617786846515
6.28000068664551,10.570251719156943,425.40848886792514
6.27000045776367,10.471256510416708,430.2696395092065
6.26000022888184,10.435122426350915,433.42357644878444
6.25,10.690928395589196,412.58293824740036
6.24000072479248,10.739040629069052,418.20423279141187
6.23000049591064,10.630442555745446,431.1908941715773
6.22000026702881,10.51593933105471,417.711167548703
6.21000003814697,10.397512054443382,416.98962970238006
6.20000076293945,10.671838378906273,431.62447524669466
6.19000053405762,10.481710052490257,443.9237161677859
6.18000030517578,10.818278249104821,407.34858128323634
6.17000007629395,11.027897135416708,392.06324638348576
6.16000080108643,10.619931793212913,419.639421615862
6.15000057220459,10.65884679158529,396.67951469877596
6.14000034332275,10.394692993164085,405.7512924848794
6.13000011444092,10.886018371582054,397.1890173852059
6.11999988555908,10.412048594156943,414.7465560065215
6.11000061035156,10.943413035074911,396.68854499944985
6.10000038146973,10.842998758951865,415.80958827160583
6.09000015258789,10.655433909098349,412.004982225563
6.07999992370605,10.707145945231161,421.36477528949746
6.07000064849854,10.905641174316429,398.48713408618954
6.0600004196167,10.814885711669945,392.41209439933033
6.05000019073486,10.56978251139327,406.74133605681874
6.03999996185303,10.53730163574221,440.2131334787137
6.03000068664551,11.05219675699874,414.90018098203996
6.02000045776367,10.77326609293624,429.09313313336617
6.01000022888184,10.909073130289755,435.7508372393459
